{
  "settings": {
    "dataset": "data_v2/reaction_lag_dataset_v1.parquet",
    "rows": 1089,
    "matches": 42,
    "rules_evaluated": 1152,
    "min_trades": 20,
    "dedupe": "first qualifying signal per match",
    "primary_metric": "300s exit ROI after 2c/4c slippage",
    "secondary_metric": "settlement ROI"
  },
  "best_rule": {
    "rule": {
      "name": "state0.04_lag0.04_pxlte0.04_lead1000_ask0.80_under",
      "state_min": 0.04,
      "lag_min": 0.04,
      "max_price_response": 0.04,
      "min_lead_delta_30s": 1000.0,
      "min_score_delta_30s": 0.0,
      "min_ask": 0.08,
      "max_ask": 0.8,
      "require_wrong_way_or_flat": false,
      "require_current_lead": false
    },
    "candidate_rows": 54,
    "candidate_matches": 20,
    "metrics": {
      "trades": 20,
      "matches": 20,
      "avg_ask": 0.5118,
      "settlement_win_rate": 0.4,
      "avg_state_move_score": 0.093271425,
      "avg_price_response_score": -0.011612499999999996,
      "avg_reaction_lag_score": 0.10488392499999999,
      "avg_clv_120s": 0.021449999999999993,
      "avg_clv_300s": 0.043974999999999986,
      "exit_roi": {
        "120": {
          "0": 0.014051292414562832,
          "1": -0.010717349376273866,
          "2": -0.033686934536342264,
          "3": -0.05514159041778642,
          "4": -0.07529359766932989,
          "5": -0.0943070244134708,
          "8": -0.14570370878549982
        },
        "300": {
          "0": 0.09613739255165243,
          "1": 0.06809727611530718,
          "2": 0.042193921408243545,
          "3": 0.018076553915709576,
          "4": -0.004514574405439125,
          "5": -0.0257786111784021,
          "8": -0.08303617592727497
        }
      },
      "settlement_roi": {
        "0": -0.3097535311631056,
        "1": -0.32280772540330016,
        "2": -0.3353183554626027,
        "3": -0.3473222325894992,
        "4": -0.3588526578722657,
        "5": -0.36993985273612207,
        "8": -0.4008054107811999
      },
      "ex_best_exit_roi_300s": {
        "0": -0.05795463103253453,
        "1": -0.08114892649536053,
        "2": -0.10237865389615917,
        "3": -0.1220107769058879,
        "4": -0.14031016552779185,
        "5": -0.15747472118035755,
        "8": -0.20352912237159182
      },
      "bootstrap_exit_roi_300s_02c": [
        -0.1301249347454064,
        0.04159550428827594,
        0.23190813114395226
      ]
    },
    "verdict": {
      "passed": false,
      "checks": {
        "min_trades": true,
        "roi_300s_2c_positive": true,
        "roi_300s_4c_nonnegative": false,
        "ex_best_3_300s_2c_nonnegative": false,
        "bootstrap_median_300s_2c_positive": true
      },
      "recommendation": "do_not_trade_live"
    },
    "bucket_diagnostics": {
      "ask": [
        {
          "bucket": "(0.0, 0.25]",
          "trades": 3,
          "avg_clv_300s": -0.043833333333333335,
          "exit_roi_300s_2c": -0.49710608296442044,
          "settlement_roi_2c": -1.0
        },
        {
          "bucket": "(0.25, 0.45]",
          "trades": 4,
          "avg_clv_300s": 0.2015,
          "exit_roi_300s_2c": 0.558323784059078,
          "settlement_roi_2c": -0.26470588235294124
        },
        {
          "bucket": "(0.45, 0.6]",
          "trades": 5,
          "avg_clv_300s": 0.06599999999999995,
          "exit_roi_300s_2c": 0.0939650423899839,
          "settlement_roi_2c": -0.24700914848698102
        },
        {
          "bucket": "(0.6, 0.8]",
          "trades": 8,
          "avg_clv_300s": -0.015625,
          "exit_roi_300s_2c": -0.04599045889101236,
          "settlement_roi_2c": -0.17656222967567303
        }
      ],
      "state_move_score": [
        {
          "bucket": "(0.04, 0.08]",
          "trades": 7,
          "avg_clv_300s": 0.06328571428571428,
          "exit_roi_300s_2c": 0.06023547525030193,
          "settlement_roi_2c": 0.3130665297264868
        },
        {
          "bucket": "(0.08, 0.12]",
          "trades": 9,
          "avg_clv_300s": 0.02338888888888886,
          "exit_roi_300s_2c": -0.001369272243084696,
          "settlement_roi_2c": -0.6904024767801857
        },
        {
          "bucket": "(0.12, 1.0]",
          "trades": 4,
          "avg_clv_300s": 0.05650000000000001,
          "exit_roi_300s_2c": 0.10863838790013003,
          "settlement_roi_2c": -0.6710526315789473
        }
      ],
      "reaction_lag_score": [
        {
          "bucket": "(0.04, 0.08]",
          "trades": 7,
          "avg_clv_300s": 0.06264285714285715,
          "exit_roi_300s_2c": 0.005870293996656887,
          "settlement_roi_2c": 0.0960133182192737
        },
        {
          "bucket": "(0.08, 0.12]",
          "trades": 7,
          "avg_clv_300s": 0.015714285714285698,
          "exit_roi_300s_2c": -0.004563604619847982,
          "settlement_roi_2c": -0.6311982487865233
        },
        {
          "bucket": "(0.12, 1.0]",
          "trades": 6,
          "avg_clv_300s": 0.05516666666666662,
          "exit_roi_300s_2c": 0.13912193375453483,
          "settlement_roi_2c": -0.49334543254688445
        }
      ],
      "game_time": [
        {
          "bucket": "(0, 600]",
          "trades": 2,
          "avg_clv_300s": -0.012499999999999997,
          "exit_roi_300s_2c": -0.1805340557275542,
          "settlement_roi_2c": -0.26470588235294124
        },
        {
          "bucket": "(600, 1200]",
          "trades": 7,
          "avg_clv_300s": 0.03214285714285715,
          "exit_roi_300s_2c": 0.09895960161718627,
          "settlement_roi_2c": 0.15115577112696194
        },
        {
          "bucket": "(1200, 1800]",
          "trades": 8,
          "avg_clv_300s": 0.09081249999999996,
          "exit_roi_300s_2c": 0.15511102508566518,
          "settlement_roi_2c": -0.7448979591836735
        },
        {
          "bucket": "(1800, 2400]",
          "trades": 3,
          "avg_clv_300s": -0.0156666666666667,
          "exit_roi_300s_2c": -0.24288629079521526,
          "settlement_roi_2c": -0.4252873563218391
        }
      ]
    }
  },
  "top_rules": [
    {
      "name": "state0.04_lag0.04_pxlte0.04_lead1000_ask0.80_under",
      "trades": 20,
      "candidate_rows": 54,
      "avg_ask": 0.5118,
      "avg_clv_120s": 0.021449999999999993,
      "avg_clv_300s": 0.043974999999999986,
      "exit_roi_300s_2c": 0.042193921408243545,
      "exit_roi_300s_4c": -0.004514574405439125,
      "ex_best_3_300s_2c": -0.10237865389615917,
      "settlement_roi_2c": -0.3353183554626027
    },
    {
      "name": "state0.02_lag0.04_pxlte0.04_lead1000_ask0.80_under",
      "trades": 20,
      "candidate_rows": 56,
      "avg_ask": 0.5063000000000001,
      "avg_clv_120s": 0.017949999999999997,
      "avg_clv_300s": 0.03772499999999999,
      "exit_roi_300s_2c": 0.02950133153296844,
      "exit_roi_300s_4c": -0.017082601616323474,
      "ex_best_3_300s_2c": -0.11731111257295344,
      "settlement_roi_2c": -0.22893537673919848
    },
    {
      "name": "state0.06_lag0.02_pxlte0.04_lead1000_ask0.80_under",
      "trades": 20,
      "candidate_rows": 51,
      "avg_ask": 0.50695,
      "avg_clv_120s": 0.020049999999999988,
      "avg_clv_300s": 0.022324999999999994,
      "exit_roi_300s_2c": -0.0043409145302152116,
      "exit_roi_300s_4c": -0.04769742018843391,
      "ex_best_3_300s_2c": -0.11994701193936765,
      "settlement_roi_2c": -0.11402830994043607
    },
    {
      "name": "state0.02_lag0.06_pxlte0.04_lead500_ask0.80_under",
      "trades": 20,
      "candidate_rows": 65,
      "avg_ask": 0.46245000000000014,
      "avg_clv_120s": -0.013200000000000012,
      "avg_clv_300s": 0.01007499999999998,
      "exit_roi_300s_2c": -0.040954862467315514,
      "exit_roi_300s_4c": -0.08695356406145634,
      "ex_best_3_300s_2c": -0.16399215148579369,
      "settlement_roi_2c": -0.3818695351595953
    },
    {
      "name": "state0.04_lag0.06_pxlte0.04_lead500_ask0.80_under",
      "trades": 20,
      "candidate_rows": 63,