{
  "version": "model_value_edge_v1_residual_lgbm",
  "model_name": "model_value_edge_v1_residual_lgbm",
  "model_class": "lightgbm_residual_regressor",
  "strategy": "MODEL_VALUE_EDGE",
  "residual_mode": true,
  "uses_market_price": true,
  "uses_game_time": true,
  "uses_objectives": false,
  "uses_orderbook_dynamics": true,
  "deployment_status": "paper_only",
  "target": "settlement_outcome - market_mid",
  "features": [
    "market_mid",
    "ask",
    "spread",
    "game_time_sec",
    "token_net_worth_lead",
    "token_score_margin",
    "token_net_worth_lead_per_min"
  ],
  "features_used_by_trees": [
    "ask",
    "game_time_sec",
    "market_mid",
    "spread",
    "token_net_worth_lead",
    "token_net_worth_lead_per_min",
    "token_score_margin"
  ],
  "num_trees": 60,
  "best_iteration": 60,
  "train_rows": 23410,
  "train_matches": 76,
  "valid_rows": 6962,
  "valid_matches": 19,
  "metrics": {
    "train": {
      "split": "train",
      "rows": 23410,
      "matches": 76,
      "residual_rmse": 0.23931606529446975,
      "residual_mae": 0.1944343873718778,
      "brier_model": 0.15103773280039376,
      "brier_market_mid": 0.16083657067492527,
      "pred_residual_min": -0.2987335305778949,
      "pred_residual_p01": -0.1951792453531258,
      "pred_residual_p50": -0.0026141174648113548,
      "pred_residual_p99": 0.17863529497305672,
      "pred_residual_max": 0.2798036182613937,
      "auc_model": 0.8666125602286179,
      "auc_market_mid": 0.8451154915868523
    },
    "valid": {
      "split": "valid",
      "rows": 6962,
      "matches": 19,
      "residual_rmse": 0.250923999263884,
      "residual_mae": 0.2036798625286613,
      "brier_model": 0.16194511741190518,
      "brier_market_mid": 0.15788096114622235,
      "pred_residual_min": -0.22574918754243523,
      "pred_residual_p01": -0.13092020455758716,
      "pred_residual_p50": -0.0026141174648113548,
      "pred_residual_p99": 0.12923779245483832,
      "pred_residual_max": 0.1951659166726441,
      "auc_model": 0.8489308851985181,
      "auc_market_mid": 0.8483812605731562
    },
    "cv_folds": [
      {
        "split": "valid",
        "rows": 4373,
        "matches": 19,
        "residual_rmse": 0.27742419394791296,
        "residual_mae": 0.24823042324815317,
        "brier_model": 0.17139109218598214,
        "brier_market_mid": 0.16874002732677795,
        "pred_residual_min": -0.12737344764508562,
        "pred_residual_p01": -0.08794815136609845,
        "pred_residual_p50": -0.013687914601178786,
        "pred_residual_p99": 0.07813956517600246,
        "pred_residual_max": 0.09174010926198081,
        "auc_model": 0.8229045126874459,
        "auc_market_mid": 0.8269147763500363,
        "fold": 1
      },
      {
        "split": "valid",
        "rows": 4962,
        "matches": 19,
        "residual_rmse": 0.2685106923290098,
        "residual_mae": 0.23413423618521262,
        "brier_model": 0.15545238877758918,
        "brier_market_mid": 0.15202332224909312,
        "pred_residual_min": -0.18471134698129577,
        "pred_residual_p01": -0.1259401918606921,
        "pred_residual_p50": 0.0032732303192872843,
        "pred_residual_p99": 0.10402945376393206,
        "pred_residual_max": 0.19527236738449044,
        "auc_model": 0.853576530055213,
        "auc_market_mid": 0.8646958963274515,
        "fold": 2
      },
      {
        "split": "valid",
        "rows": 7360,
        "matches": 19,
        "residual_rmse": 0.27547939751127704,
        "residual_mae": 0.2427695447052393,
        "brier_model": 0.21349527870015297,
        "brier_market_mid": 0.2121279038722826,
        "pred_residual_min": -0.011509403266086632,
        "pred_residual_p01": -0.011509403266086632,
        "pred_residual_p50": -0.003032589678090603,
        "pred_residual_p99": 0.01347739765592602,
        "pred_residual_max": 0.01830252852130254,
        "auc_model": 0.7461864219045368,
        "auc_market_mid": 0.7462200939272212,
        "fold": 3
      },
      {
        "split": "valid",
        "rows": 6715,
        "matches": 19,
        "residual_rmse": 0.22600967352001278,
        "residual_mae": 0.18141204032738725,
        "brier_model": 0.1062669752820546,
        "brier_market_mid": 0.10598404802680567,
        "pred_residual_min": -0.008588152798133738,
        "pred_residual_p01": -0.002401164466541361,
        "pred_residual_p50": 0.002172222370578646,
        "pred_residual_p99": 0.004322822910468901,
        "pred_residual_max": 0.009065133538794389,
        "auc_model": 0.9340451702974396,
        "auc_market_mid": 0.934399696047284,
        "fold": 4
      },
      {
        "split": "valid",
        "rows": 6962,
        "matches": 19,
        "residual_rmse": 0.250923999263884,
        "residual_mae": 0.2036798625286613,
        "brier_model": 0.16194511741190518,
        "brier_market_mid": 0.15788096114622235,
        "pred_residual_min": -0.22574918754243523,
        "pred_residual_p01": -0.13092020455758716,
        "pred_residual_p50": -0.0026141174648113548,
        "pred_residual_p99": 0.12923779245483832,
        "pred_residual_max": 0.1951659166726441,
        "auc_model": 0.8489308851985181,
        "auc_market_mid": 0.8483812605731562,
        "fold": 5
      }
    ]
  },
  "threshold_sweep_valid": [
    {
      "threshold": 0.005,
      "trades": 19,
      "win_rate": 0.8947368421052632,
      "avg_ask": 0.7173684210526314,
      "avg_edge": 0.04479965800777666,
      "one_share_profit": 3.37,
      "one_share_roi": 0.24724871606749824
    },
    {
      "threshold": 0.01,
      "trades": 19,
      "win_rate": 0.8947368421052632,
      "avg_ask": 0.7173684210526314,
      "avg_edge": 0.04479965800777666,
      "one_share_profit": 3.37,
      "one_share_roi": 0.24724871606749824
    },
    {
      "threshold": 0.015,
      "trades": 19,
      "win_rate": 0.8421052631578947,
      "avg_ask": 0.7042105263157893,
      "avg_edge": 0.047058688120081085,
      "one_share_profit": 2.62,
      "one_share_roi": 0.19581464872944698
    },
    {
      "threshold": 0.02,
      "trades": 19,
      "win_rate": 0.8421052631578947,
      "avg_ask": 0.7068421052631578,
      "avg_edge": 0.04779996424881406,
      "one_share_profit": 2.5700000000000003,
      "one_share_roi": 0.19136262099776624
    },
    {
      "threshold": 0.025,
      "trades": 19,
      "win_rate": 0.8421052631578947,
      "avg_ask": 0.7189473684210526,
      "avg_edge": 0.05164872041870829,
      "one_share_profit": 2.34,
      "one_share_roi": 0.17130307467057102
    },
    {
      "threshold": 0.03,
      "trades": 19,
      "win_rate": 0.8421052631578947,
      "avg_ask": 0.7189473684210526,
      "avg_edge": 0.05188421899944279,
      "one_share_profit": 2.34,
      "one_share_roi": 0.17130307467057102
    },
    {
      "threshold": 0.04,
      "trades": 19,
      "win_rate": 0.7368421052631579,
      "avg_ask": 0.7499999999999999,
      "avg_edge": 0.05630523391449727,
      "one_share_profit": -0.25,
      "one_share_roi": -0.01754385964912281
    },
    {
      "threshold": 0.05,
      "trades": 18,
      "win_rate": 0.7777777777777778,
      "avg_ask": 0.7450000000000001,
      "avg_edge": 0.06384412664751388,
      "one_share_profit": 0.59,
      "one_share_roi": 0.04399701715137956
    },
    {
      "threshold": 0.075,
      "trades": 14,
      "win_rate": 0.6428571428571429,
      "avg_ask": 0.7507142857142856,
      "avg_edge": 0.07941482261864256,
      "one_share_profit": -1.51,
      "one_share_roi": -0.1436726926736442
    },
    {
      "threshold": 0.1,
      "trades": 3,
      "win_rate": 0.3333333333333333,
      "avg_ask": 0.6166666666666667,
      "avg_edge": 0.11366168837243679,
      "one_share_profit": -0.85,
      "one_share_roi": -0.45945945945945943
    }
  ],