{
  "missing_ask": 0.28136683116494693,
  "ask_gt_0.95": 2424,
  "missing_bid": 0.26125317780768653,
  "spread_gt_0.06": 4352,
  "spread_gt_0.15": 1838,
  "spread_gt_0.50": 46
}