{
  "level_value_hold": {
    "fills": 18,
    "settlement_pnl": 83.57969684594494,
    "30s_bid_exit_pnl": 0,
    "60s_bid_exit_pnl": 0,
    "300s_bid_exit_pnl": 0,
    "convergence_pnl": 0,
    "roi": 0.23216582457206927,
    "win_rate": 0.7777777777777778,
    "top_1_trade_share": 0.08210864969032806,
    "top_3_trade_share": 0.24632594907098418,
    "top_5_trade_share": 0.39561440305339884,
    "sample_size_warning": "LOW_SAMPLE_SIZE",
    "diagnostic_only": false,
    "policy_frozen": true
  },
  "level_value_hold_confirmed": {
    "fills": 4,
    "settlement_pnl": 16.487420625351657,
    "30s_bid_exit_pnl": 0,
    "60s_bid_exit_pnl": 0,
    "300s_bid_exit_pnl": 0,
    "convergence_pnl": 0,
    "roi": 0.2060927578168957,
    "win_rate": 0.75,
    "top_1_trade_share": 0.3540611304001366,
    "top_3_trade_share": 0.9001366042461153,
    "top_5_trade_share": 1.0,
    "sample_size_warning": "LOW_SAMPLE_SIZE",
    "diagnostic_only": false,
    "policy_frozen": true
  },
  "transition_quick_exit_30s": {
    "fills": 7,
    "settlement_pnl": 60.26308398429874,
    "30s_bid_exit_pnl": 0,
    "60s_bid_exit_pnl": 0,
    "300s_bid_exit_pnl": 0,
    "convergence_pnl": 0,
    "roi": 0.4304505998878481,
    "win_rate": 1.0,
    "top_1_trade_share": 0.2034091803088407,
    "top_3_trade_share": 0.553552997610896,
    "top_5_trade_share": 0.8181725757665657,
    "sample_size_warning": "LOW_SAMPLE_SIZE",
    "diagnostic_only": true,
    "policy_frozen": false
  },
  "transition_quick_exit_60s": {
    "fills": 7,
    "settlement_pnl": 60.26308398429874,
    "30s_bid_exit_pnl": 0,
    "60s_bid_exit_pnl": 0,
    "300s_bid_exit_pnl": 0,
    "convergence_pnl": 0,
    "roi": 0.4304505998878481,
    "win_rate": 1.0,
    "top_1_trade_share": 0.2034091803088407,
    "top_3_trade_share": 0.553552997610896,
    "top_5_trade_share": 0.8181725757665657,
    "sample_size_warning": "LOW_SAMPLE_SIZE",
    "diagnostic_only": true,
    "policy_frozen": false
  },
  "level_only": {
    "fills": 15,
    "settlement_pnl": 56.15443036495667,
    "30s_bid_exit_pnl": 0,
    "60s_bid_exit_pnl": 0,
    "300s_bid_exit_pnl": 0,
    "convergence_pnl": 0,
    "roi": 0.18718143454985556,
    "win_rate": 0.7333333333333333,
    "top_1_trade_share": 0.09252644031506482,
    "top_3_trade_share": 0.2775793209451945,
    "top_5_trade_share": 0.4458092124271305,
    "sample_size_warning": "LOW_SAMPLE_SIZE",
    "diagnostic_only": true,
    "policy_frozen": false
  },
  "transition_only": {
    "fills": 0
  },
  "both_same_side": {
    "fills": 7,
    "settlement_pnl": 60.26308398429874,
    "30s_bid_exit_pnl": 0,
    "60s_bid_exit_pnl": 0,
    "300s_bid_exit_pnl": 0,
    "convergence_pnl": 0,
    "roi": 0.4304505998878481,
    "win_rate": 1.0,
    "top_1_trade_share": 0.2034091803088407,
    "top_3_trade_share": 0.553552997610896,
    "top_5_trade_share": 0.8181725757665657,
    "sample_size_warning": "LOW_SAMPLE_SIZE",
    "diagnostic_only": true,
    "policy_frozen": false
  },
  "both_opposite_side_block": {
    "fills": 0
  }
}