{
  "by_mode_horizon": [
    {
      "attempts": 3,
      "avg_book_age": 1.0803333119999998,
      "avg_depth": 106.32466666666664,
      "avg_entry_price": 0.7333333333333334,
      "avg_exit_price": 0.7766666666666667,
      "avg_snapshot_age": 0.46087577599999996,
      "avg_source_delay": null,
      "avg_spread": 0.026666666666666616,
      "event_family_mode": "POLL_LATE_FIGHT_FLIP_only",
      "exit_horizon_sec": "15",
      "exit_liquidity_rate": 1.0,
      "exits": 3,
      "fill_rate": 1.0,
      "fills": 3,
      "gross_pnl": 2.19910344827586,
      "max_drawdown": 0.0,
      "net_pnl": 2.19910344827586,
      "profit_per_fill": 0.73303448275862,
      "profit_per_signal": 0.73303448275862,
      "roi": 0.038413629266976314,
      "signals": 3,
      "top_1_trade_pnl_share": 0.5880139241697245,
      "top_3_trade_pnl_share": 1.0,
      "top_5_trade_pnl_share": 1.0
    },
    {
      "attempts": 3,
      "avg_book_age": 1.0803333119999998,
      "avg_depth": 106.32466666666664,
      "avg_entry_price": 0.7333333333333334,
      "avg_exit_price": 0.8033333333333333,
      "avg_snapshot_age": 0.46087577599999996,
      "avg_source_delay": null,
      "avg_spread": 0.026666666666666616,
      "event_family_mode": "POLL_LATE_FIGHT_FLIP_only",
      "exit_horizon_sec": "30",
      "exit_liquidity_rate": 1.0,
      "exits": 3,
      "fill_rate": 1.0,
      "fills": 3,
      "gross_pnl": 4.638127838519765,
      "max_drawdown": 0.0,
      "net_pnl": 4.638127838519765,
      "profit_per_fill": 1.5460426128399216,
      "profit_per_signal": 1.5460426128399216,
      "roi": 0.08101816375279074,
      "signals": 3,
      "top_1_trade_pnl_share": 0.5258639854614933,
      "top_3_trade_pnl_share": 1.0,
      "top_5_trade_pnl_share": 1.0
    },
    {
      "attempts": 3,
      "avg_book_age": 1.0803333119999998,
      "avg_depth": 106.32466666666664,
      "avg_entry_price": 0.7333333333333334,
      "avg_exit_price": 0.8533333333333334,
      "avg_snapshot_age": 0.46087577599999996,
      "avg_source_delay": null,
      "avg_spread": 0.026666666666666616,
      "event_family_mode": "POLL_LATE_FIGHT_FLIP_only",
      "exit_horizon_sec": "45",
      "exit_liquidity_rate": 1.0,
      "exits": 3,
      "fill_rate": 1.0,
      "fills": 3,
      "gross_pnl": 9.40147266610597,
      "max_drawdown": 0.0,
      "net_pnl": 9.40147266610597,
      "profit_per_fill": 3.1338242220353236,
      "profit_per_signal": 3.1338242220353236,
      "roi": 0.1642236002324268,
      "signals": 3,
      "top_1_trade_pnl_share": 0.5960181425686131,
      "top_3_trade_pnl_share": 1.0,
      "top_5_trade_pnl_share": 1.0
    },
    {
      "attempts": 3,
      "avg_book_age": 1.0803333119999998,
      "avg_depth": 106.32466666666664,
      "avg_entry_price": 0.7333333333333334,
      "avg_exit_price": 0.8633333333333333,
      "avg_snapshot_age": 0.46087577599999996,
      "avg_source_delay": null,
      "avg_spread": 0.026666666666666616,
      "event_family_mode": "POLL_LATE_FIGHT_FLIP_only",
      "exit_horizon_sec": "60",
      "exit_liquidity_rate": 1.0,
      "exits": 3,
      "fill_rate": 1.0,
      "fills": 3,
      "gross_pnl": 9.585151051303615,
      "max_drawdown": 0.0,
      "net_pnl": 9.585151051303615,
      "profit_per_fill": 3.1950503504345384,
      "profit_per_signal": 3.1950503504345384,
      "roi": 0.16743206839197203,
      "signals": 3,
      "top_1_trade_pnl_share": 0.629565744589907,
      "top_3_trade_pnl_share": 1.0,
      "top_5_trade_pnl_share": 1.0
    },
    {
      "attempts": 55,
      "avg_book_age": 5.814527255272727,
      "avg_depth": 290.4492209090909,
      "avg_entry_price": 0.6004761904761905,
      "avg_exit_price": 0.5900000000000001,
      "avg_snapshot_age": 1.306851635,
      "avg_source_delay": 901.2222222222222,
      "avg_spread": 0.04081818181818182,
      "event_family_mode": "all",
      "exit_horizon_sec": "15",
      "exit_liquidity_rate": 1.0,
      "exits": 21,
      "fill_rate": 0.38181818181818183,
      "fills": 21,
      "gross_pnl": -6.640724920835367,
      "max_drawdown": -15.81043444489346,
      "net_pnl": -6.640724920835367,
      "profit_per_fill": -0.3162249962302556,
      "profit_per_signal": -0.12074045310609757,
      "roi": -0.015803423354232588,
      "signals": 55,
      "top_1_trade_pnl_share": 0.24766419383887758,
      "top_3_trade_pnl_share": 0.4588538009438171,
      "top_5_trade_pnl_share": 0.6226650237773004
    },
    {
      "attempts": 55,
      "avg_book_age": 5.814527255272727,
      "avg_depth": 290.4492209090909,
      "avg_entry_price": 0.602,
      "avg_exit_price": 0.6214999999999999,
      "avg_snapshot_age": 1.306851635,
      "avg_source_delay": 901.2222222222222,
      "avg_spread": 0.04081818181818182,
      "event_family_mode": "all",
      "exit_horizon_sec": "30",
      "exit_liquidity_rate": 0.9523809523809523,
      "exits": 20,
      "fill_rate": 0.38181818181818183,
      "fills": 21,
      "gross_pnl": 14.654805025413895,
      "max_drawdown": -4.3329462989840355,
      "net_pnl": 14.654805025413895,
      "profit_per_fill": 0.6978478583530426,
      "profit_per_signal": 0.2664510004620708,
      "roi": 0.03708124588928841,
      "signals": 55,
      "top_1_trade_pnl_share": 0.16340278586603849,
      "top_3_trade_pnl_share": 0.3934348432926176,
      "top_5_trade_pnl_share": 0.590757324124681
    },
    {
      "attempts": 55,
      "avg_book_age": 5.814527255272727,
      "avg_depth": 290.4492209090909,
      "avg_entry_price": 0.6004761904761905,
      "avg_exit_price": 0.6123809523809524,
      "avg_snapshot_age": 1.306851635,
      "avg_source_delay": 901.2222222222222,
      "avg_spread": 0.04081818181818182,
      "event_family_mode": "all",
      "exit_horizon_sec": "45",
      "exit_liquidity_rate": 1.0,
      "exits": 21,
      "fill_rate": 0.38181818181818183,
      "fills": 21,
      "gross_pnl": 6.696316630905491,
      "max_drawdown": -9.122232974944618,
      "net_pnl": 6.696316630905491,
      "profit_per_fill": 0.3188722205193091,
      "profit_per_signal": 0.12175121147100892,
      "roi": 0.01593571905081648,
      "signals": 55,
      "top_1_trade_pnl_share": 0.12812264899655715,
      "top_3_trade_pnl_share": 0.3548770054541517,
      "top_5_trade_pnl_share": 0.5285845064027139
    },
    {
      "attempts": 55,
      "avg_book_age": 5.814527255272727,
      "avg_depth": 290.4492209090909,
      "avg_entry_price": 0.6004761904761905,
      "avg_exit_price": 0.6052380952380952,
      "avg_snapshot_age": 1.306851635,
      "avg_source_delay": 901.2222222222222,
      "avg_spread": 0.04081818181818182,
      "event_family_mode": "all",
      "exit_horizon_sec": "60",
      "exit_liquidity_rate": 1.0,
      "exits": 21,
      "fill_rate": 0.38181818181818183,
      "fills": 21,
      "gross_pnl": -2.100305331856486,
      "max_drawdown": -20.001445792911163,
      "net_pnl": -2.100305331856486,
      "profit_per_fill": -0.10001453961221361,
      "profit_per_signal": -0.038187369670117925,
      "roi": -0.004998251655981052,
      "signals": 55,
      "top_1_trade_pnl_share": 0.18901632883287936,
      "top_3_trade_pnl_share": 0.39846588261050586,
      "top_5_trade_pnl_share": 0.5745914426570816
    },
    {
      "attempts": 38,
      "avg_book_age": 4.209710517894737,
      "avg_depth": 305.8173,
      "avg_entry_price": 0.5807142857142856,
      "avg_exit_price": 0.5614285714285715,
      "avg_snapshot_age": 1.6271824232894738,
      "avg_source_delay": 901.2222222222222,
      "avg_spread": 0.042105263157894736,
      "event_family_mode": "exclude_POLL_FIGHT_SWING",
      "exit_horizon_sec": "15",
      "exit_liquidity_rate": 1.0,
      "exits": 14,
      "fill_rate": 0.3684210526315789,
      "fills": 14,
      "gross_pnl": -8.98094784551401,
      "max_drawdown": -14.337098047538198,
      "net_pnl": -8.98094784551401,
      "profit_per_fill": -0.6414962746795722,
      "profit_per_signal": -0.23634073277668446,
      "roi": -0.03398038519214678,