{
  "buckets": {
    "book_age_seconds": {
      "0-250ms": {
        "avg_depth": 203.725,
        "avg_spread": 0.024999999999999967,
        "count": 2,
        "pnl_to_300s_markout": -5.511421200750467,
        "pnl_to_60s_markout": -4.439446529080675
      },
      "1s+": {
        "avg_depth": 197.776875,
        "avg_spread": 0.032499999999999994,
        "count": 16,
        "pnl_to_300s_markout": -3.1212035557185223,
        "pnl_to_60s_markout": 18.67709856644527
      },
      "250-1000ms": {
        "avg_depth": 211.17666666666665,
        "avg_spread": 0.05000000000000001,
        "count": 3,
        "pnl_to_300s_markout": -4.196981132075473,
        "pnl_to_60s_markout": -3.837725918570013
      }
    },
    "book_latency_ms": {
      "1s+": {
        "avg_depth": 13.0,
        "avg_spread": 0.050000000000000044,
        "count": 1,
        "pnl_to_300s_markout": 0.13000000000000012,
        "pnl_to_60s_markout": 0.45499999999999896
      },
      "250-1000ms": {
        "avg_depth": 8.0,
        "avg_spread": 0.12,
        "count": 1,
        "pnl_to_300s_markout": 0.5200000000000005,
        "pnl_to_60s_markout": -0.1200000000000001
      },
      "missing": {
        "avg_depth": 220.23210526315788,
        "avg_spread": 0.02894736842105262,
        "count": 19,
        "pnl_to_300s_markout": -13.479605888544462,
        "pnl_to_60s_markout": 10.064926118794583
      }
    },
    "snapshot_age_seconds": {
      "0-2s": {
        "avg_depth": 213.2364705882353,
        "avg_spread": 0.03117647058823528,
        "count": 17,
        "pnl_to_300s_markout": 0.5433107781222022,
        "pnl_to_60s_markout": 11.329509452127915
      },
      "2-5s": {
        "avg_depth": 145.0975,
        "avg_spread": 0.047500000000000014,
        "count": 4,
        "pnl_to_300s_markout": -13.372916666666665,
        "pnl_to_60s_markout": -0.9295833333333332
      }
    },
    "source_delay_seconds": {
      "10s+": {
        "avg_depth": 10.5,
        "avg_spread": 0.08500000000000002,
        "count": 2,
        "pnl_to_300s_markout": 0.6500000000000006,
        "pnl_to_60s_markout": 0.33499999999999885
      },
      "missing": {
        "avg_depth": 220.23210526315788,
        "avg_spread": 0.02894736842105262,
        "count": 19,
        "pnl_to_300s_markout": -13.479605888544462,
        "pnl_to_60s_markout": 10.064926118794583
      }
    }
  },
  "fill_assumption": "conservative_trade_through",
  "generated_at": "2026-06-07T13:42:03.352074+00:00"
}
