{
  "train": {
    "actual_win_rate": 0.5219298245614035,
    "brier": 0.24302105263157894,
    "calibration": {
      "intercept": 0.0225349839535425,
      "slope": 0.8886848157746797
    },
    "log_loss": 0.6781403621045752,
    "mean_predicted_probability": 0.5181140350877192,
    "rows": 228
  },
  "validation": {
    "actual_win_rate": 0.5256410256410257,
    "brier": 0.2528500000000001,
    "calibration": {
      "intercept": 0.07688826307053695,
      "slope": 0.23667381975220947
    },
    "log_loss": 0.7089506921503812,
    "mean_predicted_probability": 0.5237179487179489,
    "rows": 78
  }
}