{
  "alpha_sweep": [
    {
      "alpha": 0.01,
      "coefficients": {
        "a_scaling_b_tempo": -1.816855124127493,
        "a_tempo_b_scaling": 1.233862012136999,
        "fallback_share": 0.11266399504487445,
        "fight_diff": 0.2700746700824862,
        "intercept": 0.03390175205656996,
        "lane_diff": 0.0,
        "role_inference_confidence": 0.0,
        "scaling_diff": 1.7588231055535526,
        "team_a_is_radiant": 0.18956908512070106,
        "tempo_diff": -1.4134098742780086,
        "timestamp_confidence": 0.0,
        "tower_diff": 0.08338224047781748,
        "volatility_diff": 0.057352229350585406
      },
      "train": {
        "actual_win_rate": 0.5219298245614035,
        "brier": 0.22424904649549487,
        "calibration": {
          "intercept": 0.0009188785652075372,
          "slope": 0.9837451328393609
        },
        "log_loss": 0.6346808969062814,
        "mean_predicted_probability": 0.5219298232032824,
        "rows": 228
      },
      "validation": {
        "actual_win_rate": 0.5256410256410257,
        "brier": 0.2722845257513515,
        "calibration": {
          "intercept": 0.11834156141221516,
          "slope": 0.13289242886573638
        },
        "log_loss": 0.7678308081067612,
        "mean_predicted_probability": 0.46863893215997265,
        "rows": 78
      }
    },
    {
      "alpha": 0.1,
      "coefficients": {
        "a_scaling_b_tempo": -1.3242871283004263,
        "a_tempo_b_scaling": 0.7582486670662075,
        "fallback_share": 0.11797872905994833,
        "fight_diff": 0.263403480692958,
        "intercept": 0.032583749345248374,
        "lane_diff": 0.0,
        "role_inference_confidence": 0.0,
        "scaling_diff": 1.2134827307178206,
        "team_a_is_radiant": 0.18968424744127235,
        "tempo_diff": -1.018030763418465,
        "timestamp_confidence": 0.0,
        "tower_diff": 0.07561170720588492,
        "volatility_diff": 0.0601351047145106
      },
      "train": {
        "actual_win_rate": 0.5219298245614035,
        "brier": 0.22435390185084286,
        "calibration": {
          "intercept": 7.973385086563723e-05,
          "slope": 0.9986354464714396
        },
        "log_loss": 0.6352006365508712,
        "mean_predicted_probability": 0.5219298439051123,
        "rows": 228
      },
      "validation": {
        "actual_win_rate": 0.5256410256410257,
        "brier": 0.27142983480561195,
        "calibration": {
          "intercept": 0.11917619981807172,
          "slope": 0.13581426412411218
        },
        "log_loss": 0.7651883639939857,
        "mean_predicted_probability": 0.46789303190888504,
        "rows": 78
      }
    },
    {
      "alpha": 1.0,
      "coefficients": {
        "a_scaling_b_tempo": -0.49265013111017103,
        "a_tempo_b_scaling": -0.04330543878588152,
        "fallback_share": 0.12602860995416176,
        "fight_diff": 0.2478891570790812,
        "intercept": 0.03074241364435562,
        "lane_diff": 0.0,
        "role_inference_confidence": 0.0,
        "scaling_diff": 0.2928257534892665,
        "team_a_is_radiant": 0.18707556624466712,
        "tempo_diff": -0.34719207493060833,
        "timestamp_confidence": 0.0,
        "tower_diff": 0.06154087441613284,
        "volatility_diff": 0.06417210737115764
      },
      "train": {
        "actual_win_rate": 0.5219298245614035,
        "brier": 0.2253492045436658,
        "calibration": {
          "intercept": 0.00019596837293325609,
          "slope": 0.9968359051789668
        },
        "log_loss": 0.6378952444146743,
        "mean_predicted_probability": 0.5219298339587467,
        "rows": 228
      },
      "validation": {
        "actual_win_rate": 0.5256410256410257,
        "brier": 0.2703720265805689,
        "calibration": {
          "intercept": 0.12008882443068529,
          "slope": 0.1383232487394477
        },
        "log_loss": 0.7621405380937976,
        "mean_predicted_probability": 0.4670025600480555,
        "rows": 78
      }
    }
  ],
  "selected": {
    "alpha": 1.0,
    "coefficients": {
      "a_scaling_b_tempo": -0.49265013111017103,
      "a_tempo_b_scaling": -0.04330543878588152,
      "fallback_share": 0.12602860995416176,
      "fight_diff": 0.2478891570790812,
      "intercept": 0.03074241364435562,
      "lane_diff": 0.0,
      "role_inference_confidence": 0.0,
      "scaling_diff": 0.2928257534892665,
      "team_a_is_radiant": 0.18707556624466712,
      "tempo_diff": -0.34719207493060833,
      "timestamp_confidence": 0.0,
      "tower_diff": 0.06154087441613284,
      "volatility_diff": 0.06417210737115764
    },
    "train": {
      "actual_win_rate": 0.5219298245614035,
      "brier": 0.2253492045436658,
      "calibration": {
        "intercept": 0.00019596837293325609,
        "slope": 0.9968359051789668
      },
      "log_loss": 0.6378952444146743,
      "mean_predicted_probability": 0.5219298339587467,
      "rows": 228
    },
    "validation": {
      "actual_win_rate": 0.5256410256410257,
      "brier": 0.2703720265805689,
      "calibration": {
        "intercept": 0.12008882443068529,
        "slope": 0.1383232487394477
      },
      "log_loss": 0.7621405380937976,
      "mean_predicted_probability": 0.4670025600480555,
      "rows": 78
    }
  },
  "selected_alpha": 1.0,
  "selected_by": "validation_log_loss",
  "warnings": [
    "validation_selected_alpha_small_sample"
  ]
}